repetition,cviter,train.cor,train.d,train.mse,train.mae,test.cor,test.d,test.mse,test.mae,time.in.mins,pred.type
1,1,0.897473809147575,0.940906318766874,117.713004766526,7.61966481511497,0.834677669674919,0.905285061191458,163.177193477954,9.79279989076455,46.0445102016131,avg
1,1,0.897473809147575,0.940906318766874,117.713004766526,7.61966481511497,0.834677669674919,0.905285061191458,163.177193477954,9.79279989076455,46.0445102016131,wavg
