repetition,cviter,train.cor,train.d,train.mse,train.mae,test.cor,test.d,test.mse,test.mae,time.in.mins,pred.type
1,1,0.907163580411007,0.946800338588674,106.882862117065,7.09710278489948,0.824102427809542,0.897362117864611,172.973216010432,9.9843418567472,415.461257982254,avg
1,1,0.907163580411007,0.946800338588674,106.882862117065,7.09710278489948,0.824102427809542,0.897362117864611,172.973216010432,9.9843418567472,415.461257982254,wavg
