repetition,cviter,train.cor,train.d,train.mse,train.mae,test.cor,test.d,test.mse,test.mae,time.in.mins,pred.type
1,1,0.903074061346255,0.946608787200362,85.1164375358245,6.22532594728845,0.864046962476424,0.923026341781599,135.432916224934,8.70263176583436,871.412008484205,avg
1,1,0.903074061346255,0.946608787200362,85.1164375358245,6.22532594728845,0.864046962476424,0.923026341781599,135.432916224934,8.70263176583436,871.412008484205,wavg
