repetition,cviter,train.cor,train.d,train.mse,train.mae,test.cor,test.d,test.mse,test.mae,time.in.mins,pred.type
1,1,0.897836257555746,0.944161629158323,89.3742734338028,6.30351636277477,0.866515985030739,0.926022488075199,133.367758431691,8.48809133664373,2759.47091818253,avg
1,1,0.897836257555746,0.944161629158323,89.3742734338028,6.30351636277477,0.866515985030739,0.926022488075199,133.367758431691,8.48809133664373,2759.47091818253,wavg
