repetition,cviter,train.cor,train.d,train.mse,train.mae,test.cor,test.d,test.mse,test.mae,time.in.mins,pred.type
1,1,0.89851905367087,0.944138036933821,88.9878787519732,6.33375183354375,0.860752299770447,0.92261134803623,138.536519462106,8.62408775813129,78.9296169002851,avg
1,1,0.89851905367087,0.944138036933821,88.9878787519732,6.33375183354375,0.860752299770447,0.92261134803623,138.536519462106,8.62408775813129,78.9296169002851,wavg
