repetition,cviter,train.cor,train.d,train.mse,train.mae,test.cor,test.d,test.mse,test.mae,time.in.mins,pred.type
1,1,0.951648265069604,0.973552250446676,56.2618785084548,5.18659360477219,0.678031770827087,0.806010847429279,292.085725273368,12.9384232581666,95.4191294153531,avg
1,1,0.951648265069604,0.973552250446676,56.2618785084548,5.18659360477219,0.678031770827087,0.806010847429279,292.085725273368,12.9384232581666,95.4191294153531,wavg
