repetition,cviter,train.cor,train.d,train.mse,train.mae,test.cor,test.d,test.mse,test.mae,time.in.mins,pred.type
1,1,0.94818269204166,0.96866589195081,61.5600280539911,5.40808997483215,0.509270080488515,0.709136055854511,459.462434983159,15.0817387538491,45.1508750836054,avg
1,1,0.94818269204166,0.96866589195081,61.5600280539911,5.40808997483215,0.509270080488515,0.709136055854511,459.462434983159,15.0817387538491,45.1508750836054,wavg
