repetition,cviter,train.cor,train.d,train.mse,train.mae,test.cor,test.d,test.mse,test.mae,time.in.mins,pred.type
1,1,0.897017951624601,0.943996866072913,89.9431503163135,6.29934597158092,0.863405139892559,0.924272531866638,136.014627013816,8.52614246034212,678.434938132763,avg
1,1,0.897017951624601,0.943996866072913,89.9431503163135,6.29934597158092,0.863405139892559,0.924272531866638,136.014627013816,8.52614246034212,678.434938132763,wavg
