repetition,cviter,train.cor,train.d,train.mse,train.mae,test.cor,test.d,test.mse,test.mae,time.in.mins,pred.type
1,1,0.896176127568486,0.939589086124279,118.983847564325,7.59164333628331,0.832227406601275,0.90384922991283,165.509537454831,9.87524025028434,73.6995830178261,avg
1,1,0.896176127568486,0.939589086124279,118.983847564325,7.59164333628331,0.832227406601275,0.90384922991283,165.509537454831,9.87524025028434,73.6995830178261,wavg
