repetition,cviter,train.cor,train.d,train.mse,train.mae,test.cor,test.d,test.mse,test.mae,time.in.mins,pred.type
1,1,0.902757449742225,0.947068577405025,85.2672677494504,6.03875354583077,0.866786362719135,0.925416828308281,133.433122689607,8.41715039580213,1425.09630718629,avg
1,1,0.902757449742225,0.947068577405025,85.2672677494504,6.03875354583077,0.866786362719135,0.925416828308281,133.433122689607,8.41715039580213,1425.09630718629,wavg
