repetition,cviter,train.cor,train.d,train.mse,train.mae,test.cor,test.d,test.mse,test.mae,time.in.mins,pred.type
1,1,0.881432835164539,0.931737647890283,133.923848554723,8.28575980767799,0.832398349759583,0.904795749506856,164.276545037245,9.79834787042174,106.116413450241,avg
1,1,0.881432835164539,0.931737647890283,133.923848554723,8.28575980767799,0.832398349759583,0.904795749506856,164.276545037245,9.79834787042174,106.116413450241,wavg
