repetition,cviter,train.cor,train.d,train.mse,train.mae,test.cor,test.d,test.mse,test.mae,time.in.mins,pred.type
1,1,0.905134437658909,0.944481352812471,105.764568255791,7.12879443327749,0.729643086054749,0.833488059943934,252.149933084663,12.5031242055815,207.018621301651,avg
1,1,0.905134437658909,0.944481352812471,105.764568255791,7.12879443327749,0.729643086054749,0.833488059943934,252.149933084663,12.5031242055815,207.018621301651,wavg
